Alias_Fix,11/18/2025 18:43:24,sf:FunctionBeast,Syntax:Smashed
Skiptrace_Run,2025-11-18 18:51:38.143866,Target:1HGCM82633A123456,Intel:Dropped
Skiptrace_Run,2025-11-18 19:05:24.703406,Target:ABC123,Intel:Dropped
Skiptrace_Run,2025-11-18 19:05:46.837605,Target:1HGCM82633A123456,Intel:Dropped
Skiptrace_Redo,11/18/2025 19:06:06,FullCopyPaste:Beast,Indent:Locked
Skiptrace_Run,2025-11-18 19:35:02.122031,Target:1C6RR7ST2PS583822,Intel:Dropped
Skiptrace_Run,2025-11-18 19:36:33.000761,Target:1C6RR7ST2PS583822,Intel:Dropped
Skiptrace_Run,2025-11-18 19:40:39.843237,Target:ABC123,Intel:Dropped
Skiptrace_Run,2025-11-18 19:41:50.425148,Target:1C6RR7ST2PS583822,Intel:Dropped
Privacy_Win,11/18/2025 19:44:12,VIN:Hidden,Owner:NoLeak,Beast:Safe
Maigret_Run,2025-11-18 19:48:09.547683,Username:redbeardbrad1,Sites:300+,Intel:Dropped
Maigret_Run,2025-11-18 19:51:22.180094,Username:Redbeardbradx,Sites:300+,Intel:Dropped
Username_Update,11/18/2025 20:01:15,Old:redbeardbrad1,New:Redbeardbradx,Maigret:Hunt
StorageSense_Check,11/18/2025 20:12:46,01:1,AutoClean:Beast
Power_Sleep,11/18/2025 20:48:33,24/7:Retired,Sleep:Beast,WakeTimers:On
Maigret_Run,2025-11-19 01:01:07.168652,Username:observed_thinking,Sites:300+,Intel:Dropped
Maigret_Run,2025-11-19 01:03:20.874000,Username:ObservedThinking,Sites:300+,Intel:Dropped
Maigret_Run,2025-11-19 01:06:14.854602,Username:just_an0ther_th0ught,Sites:300+,Intel:Dropped
Maigret_Run,2025-11-19 01:15:17.048527,Username:Redbeardbradx,Flags:--timeout 60 --max-connections 50,Intel:Dropped
Maigret_Run,2025-11-19 01:17:01.149172,Username:Redbeardbradx,Flags:,Intel:Dropped
Maigret_Polite,2025-11-19 01:21:27.742373,Username:Redbeardbradx,Flags:timeout60_conn10,Intel:Dropped
Sherlock_Run,2025-11-19 01:27:26.619545,Username:ObservedThinking,Timeout:60,Intel:Dropped
Sherlock_Output,11/19/2025 01:31:28,File:E:\\shadowforge\\Redbeardbradx.txt,Intel:Beast
Maigret_Polite,2025-11-19 01:35:26.672419,Username:ObservedThinking,Flags:timeout60_conn10,Intel:Dropped
Sherlock_Run,2025-11-19 02:38:43.590521,Username:ObservedThinking,Timeout:60,Intel:Dropped
Sherlock_Run,2025-11-19 02:39:16.934380,Username:ObservedThinking,Timeout:60,Intel:Dropped
Sherlock_Run,2025-11-19 02:39:54.702412,Username:ObservedThinking,Timeout:60,Intel:Dropped
